{
   "defaultModel": {
      "instance 1": {
         "time": 0.07200002670288086,
         "optimal": true,
         "obj": 28.0,
         "solution": [
            [
               1,
               3,
               4
            ],
            [
               2,
               5,
               6
            ]
         ]
      },
      "instance 2": {
         "time": 0.5829999446868896,
         "optimal": true,
         "obj": 1146.0,
         "solution": [
            [
               4,
               1
            ],
            [
               8,
               6
            ],
            [
               9
            ],
            [
               3
            ],
            [
               7
            ],
            [
               5,
               2
            ]
         ]
      },
      "instance 3": {
         "time": 0.037000179290771484,
         "optimal": true,
         "obj": 36.0,
         "solution": [
            [
               3,
               6,
               5
            ],
            [
               2,
               4
            ],
            [
               7,
               1
            ]
         ]
      }
   },
   "impliedConsDefaultModel": {
      "instance 1": {
         "time": 0.06799983978271484,
         "optimal": true,
         "obj": 28.0,
         "solution": [
            [
               1,
               3,
               4
            ],
            [
               5,
               6
            ]
         ]
      },
      "instance 2": {
         "time": 0.5290000438690186,
         "optimal": true,
         "obj": 1146.0,
         "solution": [
            [
               1,
               4
            ],
            [
               3
            ],
            [
               5,
               2
            ],
            [
               7
            ],
            [
               6,
               8
            ],
            [
               9
            ]
         ]
      },
      "instance 3": {
         "time": 0.04399991035461426,
         "optimal": true,
         "obj": 36.0,
         "solution": [
            [
               3,
               6,
               5
            ],
            [
               4,
               2
            ],
            [
               1,
               7
            ]
         ]
      }
   },
   "symmBreakDefaultModel": {
      "instance 1": {
         "time": 0.2539999485015869,
         "optimal": true,
         "obj": 28.0,
         "solution": [
            [
               2,
               5,
               6
            ],
            [
               4,
               1,
               3
            ]
         ]
      },
      "instance 2": {
         "time": 3.4700000286102295,
         "optimal": true,
         "obj": 1146.0,
         "solution": [
            [
               5,
               2
            ],
            [
               6,
               8
            ],
            [
               9
            ],
            [
               3
            ],
            [
               7
            ],
            [
               4,
               1
            ]
         ]
      },
      "instance 3": {
         "time": 0.04200005531311035,
         "optimal": true,
         "obj": 36.0,
         "solution": [
            [
               1,
               7
            ],
            [
               4,
               2
            ],
            [
               5,
               3,
               6
            ]
         ]
      }
   },
   "impliedAndSymmBreakDefaultModel": {
      "instance 1": {
         "time": 0.06400012969970703,
         "optimal": true,
         "obj": 27.999999999999993,
         "solution": [
            [
               2,
               5,
               6
            ],
            [
               1,
               3,
               4
            ]
         ]
      },
      "instance 2": {
         "time": 2.3929998874664307,
         "optimal": true,
         "obj": 1146.0,
         "solution": [
            [
               5,
               2
            ],
            [
               8,
               6
            ],
            [
               9
            ],
            [
               3
            ],
            [
               7
            ],
            [
               1,
               4
            ]
         ]
      },
      "instance 3": {
         "time": 0.06099987030029297,
         "optimal": true,
         "obj": 36.0,
         "solution": [
            [
               1,
               7
            ],
            [
               2,
               4
            ],
            [
               5,
               3,
               6
            ]
         ]
      }
   },
   "simplerObjective": {
      "instance 1": {
         "time": 0.0969998836517334,
         "optimal": true,
         "obj": 14.0,
         "solution": [
            [
               4,
               1,
               3
            ],
            [
               2,
               5,
               6
            ]
         ]
      },
      "instance 2": {
         "time": 0.1959998607635498,
         "optimal": true,
         "obj": 226.0,
         "solution": [
            [
               1
            ],
            [
               8,
               6
            ],
            [
               4
            ],
            [
               9
            ],
            [
               7,
               5
            ],
            [
               3,
               2
            ]
         ]
      },
      "instance 3": {
         "time": 0.023000001907348633,
         "optimal": true,
         "obj": 12.0,
         "solution": [
            [
               5,
               2,
               4
            ],
            [
               3,
               7
            ],
            [
               6,
               1
            ]
         ]
      }
   },
   "impliedConsSimplerObj": {
      "instance 1": {
         "time": 0.09099984169006348,
         "optimal": true,
         "obj": 14.000000000000004,
         "solution": [
            [
               1,
               3,
               4
            ],
            [
               2,
               5,
               6
            ]
         ]
      },
      "instance 2": {
         "time": 0.2480001449584961,
         "optimal": true,
         "obj": 226.0,
         "solution": [
            [
               3,
               2,
               7
            ],
            [
               8,
               6
            ],
            [
               9
            ],
            [
               1
            ],
            [
               4
            ],
            [
               5
            ]
         ]
      },
      "instance 3": {
         "time": 0.03299999237060547,
         "optimal": true,
         "obj": 12.0,
         "solution": [
            [
               5,
               2,
               4
            ],
            [
               6,
               3
            ],
            [
               7,
               1
            ]
         ]
      }
   },
   "symmBreakSimplerObj": {
      "instance 1": {
         "time": 0.05900001525878906,
         "optimal": true,
         "obj": 14.0,
         "solution": [
            [
               2,
               5,
               6
            ],
            [
               1,
               3,
               4
            ]
         ]
      },
      "instance 2": {
         "time": 1.1659998893737793,
         "optimal": true,
         "obj": 226.0,
         "solution": [
            [
               6
            ],
            [
               8
            ],
            [
               5,
               9
            ],
            [
               7
            ],
            [
               4,
               1
            ],
            [
               3,
               2
            ]
         ]
      },