{
   "defaultModel": {
      "instance 1": {
         "time": 0.07200002670288086,
         "optimal": true,
         "obj": 28.0,
         "solution": [
            [
               4,
               1,
               3
            ],
            [
               2,
               5,
               6
            ]
         ]
      },
      "instance 2": {
         "time": 0.3640000820159912,
         "optimal": true,
         "obj": 965.0,
         "solution": [
            [
               3
            ],
            [
               4,
               1
            ],
            [
               8,
               6
            ],
            [
               9
            ],
            [
               5,
               2
            ],
            [
               7
            ]
         ]
      },
      "instance 3": {
         "time": 0.04999995231628418,
         "optimal": true,
         "obj": 36.0,
         "solution": [
            [
               5,
               2,
               4
            ],
            [
               3,
               7
            ],
            [
               6,
               1
            ]
         ]
      },
      "instance 4": {
         "time": 5.159999847412109,
         "optimal": true,
         "obj": 818.0,
         "solution": [
            [
               2
            ],
            [
               9
            ],
            [
               3
            ],
            [
               7,
               6,
               8
            ],
            [
               4
            ],
            [
               10
            ],
            [
               1
            ],
            [
               5
            ]
         ]
      },
      "instance 5": {
         "time": 0.003000020980834961,
         "optimal": true,
         "obj": 366.0,
         "solution": [
            [
               2
            ],
            [
               1,
               3
            ]
         ]
      },
      "instance 6": {
         "time": 0.5049998760223389,
         "optimal": true,
         "obj": 826.0,
         "solution": [
            [
               2
            ],
            [
               5,
               1,
               8
            ],
            [
               7
            ],
            [
               4
            ],
            [
               3
            ],
            [
               6
            ]
         ]
      },
      "instance 7": {
         "time": 300.41100001335144,
         "optimal": false,
         "obj": 679.0,
         "solution": [
            [
               15
            ],
            [
               12,
               1,
               4,
               14,
               6,
               11,
               16
            ],
            [
               10
            ],
            [
               17,
               2,
               5,
               13
            ],
            [
               9
            ],
            [
               7,
               3,
               8
            ]
         ]
      }
   }
}