{
   "defaultModel": {
      "instance 1": {
         "time": 0.09200000762939453,
         "optimal": true,
         "obj": 27.0,
         "solution": [
            [
               1,
               3,
               4
            ],
            [
               2,
               5,
               6
            ]
         ]
      },
      "instance 2": {
         "time": 1.1119999885559082,
         "optimal": true,
         "obj": 965.0,
         "solution": [
            [
               9
            ],
            [
               3
            ],
            [
               8,
               6
            ],
            [
               1,
               4
            ],
            [
               7
            ],
            [
               5,
               2
            ]
         ]
      },
      "instance 3": {
         "time": 0.06200003623962402,
         "optimal": true,
         "obj": 34.0,
         "solution": [
            [
               5,
               3,
               6
            ],
            [
               2,
               4
            ],
            [
               1,
               7
            ]
         ]
      },
      "instance 4": {
         "time": 5.150000095367432,
         "optimal": true,
         "obj": 818.0,
         "solution": [
            [
               5
            ],
            [
               2
            ],
            [
               1
            ],
            [
               4
            ],
            [
               7,
               6,
               8
            ],
            [
               9
            ],
            [
               3
            ],
            [
               10
            ]
         ]
      }
   },
   "impliedConsDefaultModel": {
      "instance 1": {
         "time": 0.09200000762939453,
         "optimal": true,
         "obj": 27.0,
         "solution": [
            [
               1,
               3,
               4
            ],
            [
               2,
               5,
               6
            ]
         ]
      },
      "instance 2": {
         "time": 0.9569997787475586,
         "optimal": true,
         "obj": 965.0,
         "solution": [
            [
               3
            ],
            [
               9
            ],
            [
               8,
               6
            ],
            [
               5,
               2
            ],
            [
               7
            ],
            [
               4,
               1
            ]
         ]
      },
      "instance 3": {
         "time": 0.06399989128112793,
         "optimal": true,
         "obj": 36.0,
         "solution": [
            [
               5,
               4
            ],
            [
               3,
               7
            ],
            [
               6,
               1
            ]
         ]
      },
      "instance 4": {
         "time": 9.736999988555908,
         "optimal": true,
         "obj": 818.0,
         "solution": [
            [
               2
            ],
            [
               3
            ],
            [
               4
            ],
            [
               1
            ],
            [
               5
            ],
            [
               9
            ],
            [
               10
            ],
            [
               7,
               6,
               8
            ]
         ]
      }
   },
   "symmBreakDefaultModel": {
      "instance 1": {
         "time": 0.09399986267089844,
         "optimal": true,
         "obj": 28.0,
         "solution": [
            [
               2,
               5,
               6
            ],
            [
               4,
               1,
               3
            ]
         ]
      },
      "instance 2": {
         "time": 4.67900013923645,
         "optimal": true,
         "obj": 965.0,
         "solution": [
            [
               5,
               2
            ],
            [
               6,
               8
            ],
            [
               9
            ],
            [
               3
            ],
            [
               7
            ],
            [
               1,
               4
            ]
         ]
      },
      "instance 3": {
         "time": 0.07899999618530273,
         "optimal": true,
         "obj": 34.0,
         "solution": [
            [
               7,
               1
            ],
            [
               3,
               6
            ],
            [
               5,
               2,
               4
            ]
         ]
      },
      "instance 4": {
         "time": 7.864000082015991,
         "optimal": true,
         "obj": 818.0,
         "solution": [
            [
               1
            ],
            [
               5
            ],
            [
               4
            ],
            [
               3
            ],
            [
               10
            ],
            [
               9
            ],
            [
               2
            ],
            [
               7,
               6,
               8
            ]
         ]
      }
   },
   "impliedAndSCons": {
      "instance 1": {
         "time": 0.09200000762939453,
         "optimal": true,
         "obj": 27.0,
         "solution": [
            [
               2,
               5,
               6
            ],
            [
               1,
               3,
               4
            ]
         ]
      },
      "instance 2": {
         "time": 4.04200005531311,
         "optimal": true,
         "obj": 965.0,
         "solution": [
            [
               5,
               2
            ],
            [
               8,
               6
            ],
            [
               9
            ],
            [
               3
            ],
            [
               7
            ],
            [
               1,
               4
            ]
         ]
      },
      "instance 3": {
         "time": 0.0690000057220459,
         "optimal": true,
         "obj": 34.0,
         "solution": [
            [
               1,
               7
            ],
            [
               4,
               2
            ],
            [
               5,
               3,
               6
            ]
         ]
      },
      "instance 4": {
         "time": 9.263999938964844,
         "optimal": true,
         "obj": 818.0,
         "solution": [
            [
               1
            ],
            [
               5
            ],
            [
               4
            ],
            [
               3
            ],
            [
               10
            ],
            [
               9
            ],
            [
               2
            ],
            [
               6,
               8,
               7
            ]
         ]
      }
   }
}