{
   "defaultModel": {
      "instance 1": {
         "time": 0.4700000286102295,
         "optimal": true,
         "obj": 27.0,
         "solution": [
            [
               1,
               3,
               4
            ],
            [
               2,
               5,
               6
            ]
         ]
      },
      "instance 2": {
         "time": 0.8559999465942383,
         "optimal": true,
         "obj": 965.0,
         "solution": [
            [
               9
            ],
            [
               3
            ],
            [
               8,
               6
            ],
            [
               1,
               4
            ],
            [
               7
            ],
            [
               5,
               2
            ]
         ]
      },
      "instance 3": {
         "time": 0.06500005722045898,
         "optimal": true,
         "obj": 34.0,
         "solution": [
            [
               5,
               3,
               6
            ],
            [
               2,
               4
            ],
            [
               1,
               7
            ]
         ]
      },
      "instance 4": {
         "time": 5.0980000495910645,
         "optimal": true,
         "obj": 818.0,
         "solution": [
            [
               5
            ],
            [
               2
            ],
            [
               1
            ],
            [
               4
            ],
            [
               7,
               6,
               8
            ],
            [
               9
            ],
            [
               3
            ],
            [
               10
            ]
         ]
      }
   },
   "impliedConsDefaultModel": {
      "instance 1": {
         "time": 0.11699986457824707,
         "optimal": true,
         "obj": 28.000000000000007,
         "solution": [
            [
               4,
               1,
               3
            ],
            [
               2,
               5,
               6
            ]
         ]
      },
      "instance 2": {
         "time": 8.394999980926514,
         "optimal": true,
         "obj": 965.0,
         "solution": [
            [
               8,
               6
            ],
            [
               1,
               4
            ],
            [
               7
            ],
            [
               3
            ],
            [
               5,
               2
            ],
            [
               9
            ]
         ]
      },
      "instance 3": {
         "time": 0.07299995422363281,
         "optimal": true,
         "obj": 34.0,
         "solution": [
            [
               5,
               3,
               6
            ],
            [
               2,
               4
            ],
            [
               7,
               1
            ]
         ]
      },
      "instance 4": {
         "time": 16.483999967575073,
         "optimal": true,
         "obj": 818.0,
         "solution": [
            [
               10
            ],
            [
               7,
               6,
               8
            ],
            [
               5
            ],
            [
               2
            ],
            [
               1
            ],
            [
               9
            ],
            [
               3
            ],
            [
               4
            ]
         ]
      }
   }
}