{
   "bruteForceModel": {
      "instance 1": {
         "time": 0.0989999771118164,
         "optimal": true,
         "obj": 27.0,
         "solution": [
            [
               1,
               3,
               4
            ],
            [
               2,
               5,
               6
            ]
         ]
      },
      "instance 2": {
         "time": 0.9040000438690186,
         "optimal": true,
         "obj": 965.0,
         "solution": [
            [
               9
            ],
            [
               3
            ],
            [
               8,
               6
            ],
            [
               1,
               4
            ],
            [
               7
            ],
            [
               5,
               2
            ]
         ]
      },
      "instance 3": {
         "time": 0.07299995422363281,
         "optimal": true,
         "obj": 34.0,
         "solution": [
            [
               5,
               3,
               6
            ],
            [
               2,
               4
            ],
            [
               1,
               7
            ]
         ]
      }
   },
   "palle": {
      "instance 1": {
         "time": 0.10000014305114746,
         "optimal": true,
         "obj": 27.0,
         "solution": [
            [
               1,
               3,
               4
            ],
            [
               2,
               5,
               6
            ]
         ]
      },
      "instance 2": {
         "time": 0.8849999904632568,
         "optimal": true,
         "obj": 965.0,
         "solution": [
            [
               9
            ],
            [
               3
            ],
            [
               8,
               6
            ],
            [
               1,
               4
            ],
            [
               7
            ],
            [
               5,
               2
            ]
         ]
      },
      "instance 3": {
         "time": 0.06800007820129395,
         "optimal": true,
         "obj": 34.0,
         "solution": [
            [
               5,
               3,
               6
            ],
            [
               2,
               4
            ],
            [
               1,
               7
            ]
         ]
      }
   }
}